Year,IN,IA,TX,MS,WY,MN
2022,77.45578572,64.93733414,64.16835002,58.84502008,65.64155923,64.93733414
2025,71.53980474805257,64.52737215,60.26136254,53.433976282488395,62.68284686,64.52737215
2030,128.1925466786107,86.89081059118917,99.328114,86.35004638848913,77.81972626810747,86.89081059118917
2035,165.0121846166577,110.59407215813437,129.74684261893285,108.82727516633952,96.85200634385535,110.59407215813437
2040,168.5094437924986,115.78022597516667,137.88767615887076,111.13953686221865,102.06398302269967,115.78022597516667
2045,134.17500090080827,94.04211241746636,113.5047873391435,88.54936866428586,82.42476785515326,94.04211241746636
2050,152.88209391505652,101.87341594043423,125.07489414800598,95.71727569484676,81.15710388393241,101.87341594043423
