Year,IN,IA,TX,MS,WY,MN
2022,42.77132534,34.82612329,29.02393379,41.65440411,38.20144521,34.82612329
2025,39.50450228,29.71353904,26.27956815,37.82410879,32.50310639,29.71353904
2030,70.78832226,46.5998508,44.92701781,61.12428413,45.28877808,46.5998508
2035,91.12024064,59.31199429,58.68568801,77.03515594,56.36500194,59.31199429
2040,93.05143801,62.09334703,62.36786176,78.67192797,59.39821815,62.09334703
2045,74.09185205,50.43511941,51.33925731,62.68111016,47.96877603,50.43511941
2050,84.42196689,54.63507534,56.57252283,67.75502968,47.23103311,54.63507534
