Year,IN,IA,TX,MS,WY,MN
2022,48.37390621,39.38796865,32.8257551,47.11068038,43.20542122,39.38796865
2025,44.67916468,33.60569118,29.72190726,42.77865782,36.76066167,33.60569118
2030,80.06082661,52.70392708,50.81197107,69.13090404,51.22111802,52.70392708
2035,103.0560063,67.08122384,66.37287821,87.12592791,63.74820737,67.08122384
2040,105.2401697,70.22690369,70.53737688,88.97709937,67.17874209,70.22690369
2045,83.79708306,57.04157438,58.06414457,70.89165743,54.2521667,57.04157438
2050,95.48033118,61.79167911,63.98291125,76.63020552,53.41778744,61.79167911
