Year,IN,IA,TX,MS,WY,MN
2022,77.45578572,64.93733414,64.16835002,58.84502008,65.64155923,64.93733414
2025,74.18896266063926,64.52737215,61.42398438073059,55.01472476,62.68284686,64.52737215
2030,105.47278263780822,76.71106165141552,80.07143403826484,78.31490010283105,72.72889210671232,76.71106165141552
2035,125.80470101680365,89.42320514456621,93.83010424374429,94.22577190648401,83.80511596515983,89.42320514456621
2040,127.73589839123288,92.20455788429224,97.51227798803654,95.86254393844749,86.83833218,92.20455788429224
2045,108.77631243232875,80.54633025872147,86.48367353598175,79.87172613022831,75.40889005191781,80.54633025872147
2050,119.10642727251143,84.74628619479452,91.71693906,84.94564565077626,74.67114712954339,84.74628619479452
