Year,IN,IA,TX,MS,WY,MN
2022,42.771325342465744,34.82612328767123,29.02393378995434,41.65440410958904,38.201445205479445,34.82612328767123
2025,39.50450228310502,29.71353904109589,26.279568150684934,37.82410878995434,32.50310639269406,29.71353904109589
2030,70.78832226027397,46.59985079908675,44.927017808219176,61.124284132420094,45.28877808219178,46.59985079908675
2035,91.12024064,59.311994292237436,58.68568801369863,77.03515593607307,56.36500194063927,59.311994292237436
2040,93.05143801369863,62.093347031963475,62.367861757990866,78.67192796803653,59.39821815068493,62.093347031963475
2045,74.09185205479451,50.43511940639269,51.33925730593607,62.68111015981735,47.968776027397254,50.43511940639269
2050,84.42196689497717,54.635075342465754,56.572522831050236,67.75502968,47.23103310502283,54.635075342465754
