Year,IN,IA,TX,MS,WY,MN
2022,87.60165564,73.44342234,72.57370962,66.55308106,74.2398933,73.44342234
2025,83.90691411,67.66114488,69.46986178,62.22105849,67.79513376,67.66114488
2030,119.288576,86.75938078,90.55992559,88.57330471,82.25559011,86.75938078
2035,142.2837557,101.1366775,106.1208327,106.5683286,94.78267946,101.1366775
2040,144.4679191,104.2823574,110.2853314,108.4195,98.21321417,104.2823574
2045,123.0248325,91.09702808,97.81209909,90.33405811,85.28663879,91.09702808
2050,134.7080806,95.8471328,103.7308658,96.07260619,84.45225952,95.8471328
